{"_runtime":2.693558,"_step":0,"Article Lengths":{"values":[4,1,1,3,2,6,0,6,2,3,5,5,5,10,4,8,9,6,10,11,9,17,14,23,21,21,20,18,13,12,12,5,6,5,5,3,5,4,2,1,4,1,1,3,3,1,1,2,0,1,1,0,1,2,0,1,0,1,0,1,1,0,3,15],"bins":[50,65.21875,80.4375,95.65625,110.875,126.09375,141.3125,156.53125,171.75,186.96875,202.1875,217.40625,232.625,247.84375,263.0625,278.28125,293.5,308.71875,323.9375,339.15625,354.375,369.59375,384.8125,400.03125,415.25,430.46875,445.6875,460.90625,476.125,491.34375,506.5625,521.78125,537,552.21875,567.4375,582.65625,597.875,613.09375,628.3125,643.53125,658.75,673.96875,689.1875,704.40625,719.625,734.84375,750.0625,765.28125,780.5,795.71875,810.9375,826.15625,841.375,856.59375,871.8125,887.03125,902.25,917.46875,932.6875,947.90625,963.125,978.34375,993.5625,1008.78125,1024],"_type":"histogram"},"_wandb":{"runtime":2},"_timestamp":1.741895185952189e+09}